{
    "entities": [
        {
            "name": "ExampleName1",
            "isStrong": false,
            "attributes": [
                {
                    "AttributeName": "ExampleName",
                    "isIdentifier": false,
                    "isMultiValued": false,
                    "composedOf": [
                        "AttributeName1",
                        "AttributeName2"
                    ]
                },
                {
                    "AttributeName": "ExampleName",
                    "isIdentifier": false,
                    "isMultiValued": false,
                    "composedOf": [
                        "AttributeName1",
                        "AttributeName2"
                    ]
                }
            ],
            "relationships": [
                {
                    "Entity": "EntityName1",
                    "RelationTypeLocal": "ZeroOrMany",
                    "RelationTypeForeign": "ExactlyOne",
                    "relationAttributes": [
                        "Attribute1",
                        "Attribute2"
                    ]
                }
            ]
        },
        {
            "name": "ExampleName2",
            "isStrong": false,
            "attributes": [
                {
                    "AttributeName": "ExampleName",
                    "isIdentifier": false,
                    "isMultiValued": false,
                    "composedOf": [
                        "AttributeName1",
                        "AttributeName2"
                    ]
                },
                {
                    "AttributeName": "ExampleName",
                    "isIdentifier": false,
                    "isMultiValued": false,
                    "composedOf": [
                        "AttributeName1",
                        "AttributeName2"
                    ]
                }
            ],
            "relationships": [
                {
                    "Entity": "EntityName1",
                    "RelationTypeLocal": "ZeroOrMany",
                    "RelationTypeForeign": "ExactlyOne",
                    "relationAttributes": [
                        "Attribute1",
                        "Attribute2"
                    ]
                }
            ]
        }
    ]
}